{
  "mean radius": {
    "mean": 14.127291739894552,
    "std": 3.524048826212078,
    "min": 6.981,
    "max": 28.11
  },
  "mean texture": {
    "mean": 19.289648506151142,
    "std": 4.301035768166949,
    "min": 9.71,
    "max": 39.28
  },
  "mean perimeter": {
    "mean": 91.96903339191564,
    "std": 24.2989810387549,
    "min": 43.79,
    "max": 188.5
  },
  "mean area": {
    "mean": 654.8891036906855,
    "std": 351.9141291816527,
    "min": 143.5,
    "max": 2501.0
  },
  "mean smoothness": {
    "mean": 0.0963602811950791,
    "std": 0.014064128137673616,
    "min": 0.05263,
    "max": 0.1634
  },
  "mean compactness": {
    "mean": 0.10434098418277679,
    "std": 0.0528127579325122,
    "min": 0.01938,
    "max": 0.3454
  },
  "mean concavity": {
    "mean": 0.0887993158172232,
    "std": 0.0797198087078935,
    "min": 0.0,
    "max": 0.4268
  },
  "mean concave points": {
    "mean": 0.04891914586994728,
    "std": 0.03880284485915359,
    "min": 0.0,
    "max": 0.2012
  },
  "mean symmetry": {
    "mean": 0.18116186291739894,
    "std": 0.027414281336035712,
    "min": 0.106,
    "max": 0.304
  },
  "mean fractal dimension": {
    "mean": 0.06279760984182776,
    "std": 0.007060362795084459,
    "min": 0.04996,
    "max": 0.09744
  },
  "radius error": {
    "mean": 0.40517205623901575,
    "std": 0.2773127329861041,
    "min": 0.1115,
    "max": 2.873
  },
  "texture error": {
    "mean": 1.2168534270650264,
    "std": 0.5516483926172023,
    "min": 0.3602,
    "max": 4.885
  },
  "perimeter error": {
    "mean": 2.8660592267135327,
    "std": 2.021854554042107,
    "min": 0.757,
    "max": 21.98
  },
  "area error": {
    "mean": 40.337079086116,
    "std": 45.49100551613178,
    "min": 6.802,
    "max": 542.2
  },
  "smoothness error": {
    "mean": 0.007040978910369069,
    "std": 0.003002517943839067,
    "min": 0.001713,
    "max": 0.03113
  },
  "compactness error": {
    "mean": 0.025478138840070295,
    "std": 0.017908179325677377,
    "min": 0.002252,
    "max": 0.1354
  },
  "concavity error": {
    "mean": 0.03189371634446397,
    "std": 0.030186060322988394,
    "min": 0.0,
    "max": 0.396
  },
  "concave points error": {
    "mean": 0.011796137082601054,
    "std": 0.006170285174046866,
    "min": 0.0,
    "max": 0.05279
  },
  "symmetry error": {
    "mean": 0.02054229876977153,
    "std": 0.008266371528798399,
    "min": 0.007882,
    "max": 0.07895
  },
  "fractal dimension error": {
    "mean": 0.0037949038664323374,
    "std": 0.0026460709670891942,
    "min": 0.0008948,
    "max": 0.02984
  },
  "worst radius": {
    "mean": 16.269189806678387,
    "std": 4.833241580469324,
    "min": 7.93,
    "max": 36.04
  },
  "worst texture": {
    "mean": 25.677223198594024,
    "std": 6.146257623038323,
    "min": 12.02,
    "max": 49.54
  },
  "worst perimeter": {
    "mean": 107.26121265377857,
    "std": 33.60254226903635,
    "min": 50.41,
    "max": 251.2
  },
  "worst area": {
    "mean": 880.5831282952548,
    "std": 569.3569926699492,
    "min": 185.2,
    "max": 4254.0
  },
  "worst smoothness": {
    "mean": 0.13236859402460457,
    "std": 0.022832429404835458,
    "min": 0.07117,
    "max": 0.2226
  },
  "worst compactness": {
    "mean": 0.25426504393673116,
    "std": 0.15733648891374194,
    "min": 0.02729,
    "max": 1.058
  },
  "worst concavity": {
    "mean": 0.27218848330404216,
    "std": 0.20862428060813235,
    "min": 0.0,
    "max": 1.252
  },
  "worst concave points": {
    "mean": 0.11460622319859401,
    "std": 0.0657323411959421,
    "min": 0.0,
    "max": 0.291
  },
  "worst symmetry": {
    "mean": 0.2900755711775044,
    "std": 0.06186746753751869,
    "min": 0.1565,
    "max": 0.6638
  },
  "worst fractal dimension": {
    "mean": 0.0839458172231986,
    "std": 0.01806126734889399,
    "min": 0.05504,
    "max": 0.2075
  }
}